{
    "train_loss": [
        2.0132520195182044,
        1.7682673130326598,
        1.6644665494219948,
        1.5927618495380604,
        1.5295907319047068,
        1.4749940794842844,
        1.4215816356753574,
        1.3771563998615468,
        1.3418721957061126,
        1.3057417322661131,
        1.277193727202088,
        1.248141841670029,
        1.2192472215827186,
        1.1870052305796674,
        1.169711436024149,
        1.1419511027008522,
        1.1139593517507305,
        1.0932232348973514,
        1.0747130271132666,
        1.05846439072194
    ],
    "train_acc": [
        0.2795324427480916,
        0.38357824428390913,
        0.42295801526945054,
        0.44927480916940526,
        0.4720610686840902,
        0.4967557251908397,
        0.5118606870411007,
        0.5281583969829646,
        0.5403625954198473,
        0.5538645038167939,
        0.5645038167938932,
        0.5734732824427481,
        0.5852767175618019,
        0.5930343511450382,
        0.6005343511814379,
        0.6155343511632381,
        0.6198091603417433,
        0.6284446565249494,
        0.6376526717921249,
        0.6407061069066288
    ],
    "valid_loss": [
        1.7768605547707255,
        1.6782272210935267,
        1.685988673349706,
        1.5644776472231237,
        1.5415178381088304,
        1.5199815100286065,
        1.3246768164198572,
        1.5098294601207827,
        1.4621978674719973,
        1.4964862251427116,
        1.4167928415827635,
        1.4502846147955917,
        1.2368590577346523,
        1.3026197632638419,
        1.1757146265448593,
        1.3005120427143284,
        1.1608664858631972,
        1.179374914707207,
        1.210176137889304,
        1.3031828087277528
    ],
    "valid_acc": [
        0.3787728658900028,
        0.4087423780342428,
        0.4308993901784827,
        0.4634298780342428,
        0.4818064025262507,
        0.4847408536730743,
        0.5427743901566762,
        0.4922560974955559,
        0.5165625000145377,
        0.49691310979244185,
        0.5198018292828304,
        0.522987804761747,
        0.5755792681763812,
        0.5579115853803914,
        0.6043750000436131,
        0.56240091454692,
        0.6080792684380601,
        0.6017606709061599,
        0.5862195121078957,
        0.5684146343207941
    ]
}