{"train_loss": [2.0091201749466756, 1.7844857374220404, 1.6882280589970013, 1.6129363709733686, 1.5555973012938755, 1.5096166400509026, 1.4658724863110608, 1.4262610024168292, 1.3864012157644023, 1.349985727918057, 1.3150322435466388, 1.3019224962205378, 1.2527830284060413, 1.227961845070351, 1.2032981825238875, 1.183692018039354, 1.16137787431251, 1.14235453414553, 1.1199554659938085, 1.1070066404706649, 1.082990098636569, 1.0628122055803546, 1.0438680363065413, 1.0381836592696094, 1.0208813254159825, 0.9981447708970718, 0.9862511315418564, 0.9655343502532435, 0.9673707479739008, 0.9555429053215581, 0.9301133187217567, 0.9218582582837753, 0.9108460170167093, 0.9015272492215833, 0.8940054554520672, 0.8739393205588101, 0.8724806337866164, 0.8547464160063795, 0.8412566177717602, 0.8376827425629128], "train_acc": [0.28416030534351144, 0.37612595421667316, 0.417986641221374, 0.4470419847328244, 0.46602099237551214, 0.48161259543804724, 0.4966412213922457, 0.513692748091603, 0.5253339694656488, 0.5354961832061069, 0.5516221374045801, 0.5530820610869022, 0.5733396946928884, 0.5798950381861389, 0.5872519083605467, 0.590038167975331, 0.6018320610505024, 0.6104198473100444, 0.6177480916030534, 0.6258206107234227, 0.632213740494415, 0.6412309160669342, 0.6440935114867815, 0.6485782443112089, 0.6540935114594816, 0.6591125954198473, 0.6646660305161513, 0.67412213742278, 0.6694751908760944, 0.6749618320974685, 0.683969465648855, 0.6853721373863803, 0.6890648855052831, 0.691145038149739, 0.6939694656670549, 0.7041221373863803, 0.702337786259542, 0.7103721373863803, 0.7132729007997586, 0.7147614503634795], "valid_loss": [1.8318153394431602, 1.7416485242727326, 1.7372608490106536, 1.7252637903864791, 1.6043739362460812, 1.4679864623197696, 1.3833173208120393, 1.4150367426436121, 1.3400050267213728, 1.3660132158093337, 1.3873144362757845, 1.3068620340853203, 1.2495149559364087, 1.34032602499171, 1.2664062816922257, 1.3134903675172387, 1.2669693809456941, 1.2303458732075807, 1.2060197024810604, 1.2188875580706247, 1.132444507101687, 1.2217631772523974, 1.1251901566255382, 1.1487513755152865, 1.2244087675722635, 1.1056892577467896, 1.107589446189927, 1.1458984740623614, 1.0777494198665387, 1.1134232504338752, 1.1289986266595562, 1.021787232015191, 1.1542521195440758, 1.102585708586181, 1.0547885327804378, 1.11459626802584, 1.0705918233569076, 1.0925420838885191, 1.0798259099445693, 1.051747532515991], "valid_acc": [0.3486128049652751, 0.38173780481262903, 0.41040396345097846, 0.4211280487659501, 0.44848323159101533, 0.4980030488677141, 0.5226295732143449, 0.5110899391697674, 0.5434832318526942, 0.5393521342335678, 0.520457317007751, 0.5538033535931168, 0.5769359756533693, 0.5355106706662875, 0.5691006096397958, 0.5537195122096596, 0.5771036584202837, 0.5874161585801985, 0.589542682941367, 0.5842073170877085, 0.6093826221256722, 0.5870655487950255, 0.6168978657664322, 0.6094359755516052, 0.5866844512340499, 0.6279801828105275, 0.6196722562720136, 0.6088109757842087, 0.6364481707171696, 0.6266158535713102, 0.6252820121078957, 0.6556326219948326, 0.6159451218639932, 0.6304801829704424, 0.6404420733451843, 0.6311890243030176, 0.6444740855112309, 0.6400076219948326, 0.6460213414052638, 0.6531021340591151]}