{"train_loss": [2.197679408087985, 1.7480862197075182, 1.4135603598965942, 1.1567549479826715, 0.9616212146882792, 0.8114872752255156, 0.6974791927647045, 0.6108080767038214, 0.5421105453986248, 0.48092745972498685, 0.4401331232249282, 0.40185147790053416, 0.37338388612252155, 0.34582075092173714, 0.3257770354283675, 0.30700318247989844, 0.29168225157124394, 0.2787480829781248, 0.26574345584816605, 0.25558166318494857], "train_acc": [0.15813931299529912, 0.45878816797533106, 0.6830438931479709, 0.8172519084151465, 0.8714312977463234, 0.8993797709923664, 0.9152099236277224, 0.924074427499116, 0.9308206106870229, 0.935772900726959, 0.9365744274991159, 0.940219465648855, 0.9416984732824427, 0.943215648818562, 0.9445515266811575, 0.9450286259177987, 0.9481393129770992, 0.948158396928365, 0.9495706106870229, 0.9497996182842109], "valid_loss": [1.9374719044057334, 1.5417824467507804, 1.2268099610398455, 1.0083372200407632, 0.8282192596575109, 0.6928397100873109, 0.6011521661790405, 0.5225352962932935, 0.4652838021880243, 0.42342977807289217, 0.3709283828190187, 0.33223373242994636, 0.3206912231881444, 0.2907501489105748, 0.28036592255641773, 0.2631424737685337, 0.24085724885325607, 0.2318627045648854, 0.22464312199594044, 0.2145144453317654], "valid_acc": [0.3047332316637039, 0.6114024389080885, 0.7863719510595973, 0.8734527437425241, 0.9017073170440953, 0.9264786585075099, 0.9338262193813557, 0.938155487906642, 0.9437347559667215, 0.9467835364545264, 0.949969512296886, 0.9519283535276971, 0.9508384146341463, 0.9558765244920079, 0.9555487803569654, 0.9566920730398922, 0.9575076219512195, 0.9581631098578616, 0.9591692071862337, 0.9595503047472094]}