{"train_loss": [1.9561064110457442, 1.6182877471428792, 1.4638746395365883, 1.3446482348988074, 1.2572948134582462, 1.1830469840355502, 1.118640237910147, 1.0538228093212798, 0.9970804012458743, 0.9471683121819533, 0.8833020202986157, 0.8395143689545056, 0.7834350667382015, 0.7275483683320402, 0.6801168713860839, 0.6324390259407858, 0.5751655742867302, 0.5235354315688592, 0.47590873143600143, 0.4244359648182192, 0.375531018951922, 0.3269122574279327, 0.27909680040738055, 0.23657284231131315, 0.1931857664081204, 0.1653896682106584, 0.12771304175826428, 0.10267045916776166, 0.08990086427541406, 0.07220069148812358, 0.06425848860108783, 0.05144259969504792, 0.052650368288657025, 0.054629472477489525, 0.03485466903253309, 0.049705181498158696, 0.023707268524644824, 0.02723173699643861, 0.05455734371669761, 0.01208583033014487], "train_acc": [0.30212786261361974, 0.4427767175754518, 0.502662213749558, 0.5414312976917238, 0.5758969465739855, 0.605209923700522, 0.6246755725554838, 0.6461927481280029, 0.6644274809205805, 0.6825000000363998, 0.7060400763540777, 0.7173854961650062, 0.739341603071635, 0.7576145038349937, 0.7738740457833269, 0.7886259542166731, 0.8092557251908397, 0.8267938931479709, 0.8443416030352352, 0.8597328244274809, 0.879293893129771, 0.8976145038167939, 0.9105343511086383, 0.9271946564885496, 0.9430343511450382, 0.9518129770992366, 0.9645896946200888, 0.9723282442748091, 0.9764312977099237, 0.9819179389312978, 0.9828721374045801, 0.9873091603053435, 0.9855916030534351, 0.9842461831697071, 0.9910782442748092, 0.985925572519084, 0.9952290076335878, 0.9926335878044594, 0.9822996183206106, 0.9981870229007633], "valid_loss": [1.6928516989800988, 1.5623251177915713, 1.432648695096737, 1.384763068905691, 1.25072367743748, 1.2937611465047045, 1.172962388614329, 1.1549488887554262, 1.1230288911156538, 1.076196797737261, 1.0656033361830362, 1.0336922359902685, 1.0199533577372388, 1.0292379474494515, 1.0368866582469243, 1.0305400543460033, 1.0216597391337883, 1.0175022862669898, 1.0736278927907712, 1.0914082009254433, 1.0965419348056724, 1.1420108937635653, 1.1872274494025765, 1.2292176437814062, 1.3146643535029598, 1.4133630413107756, 1.4544498938612822, 1.5464672806059443, 1.6031712548034946, 1.6352617836943486, 1.697066147698135, 1.794922250981738, 1.8885994608082421, 1.843669844655002, 2.008923666869722, 1.9461357747999632, 2.1422178247352925, 2.1718540680481166, 2.028458701401222, 2.5296074566317768], "valid_acc": [0.4100762194976574, 0.45409298779034035, 0.50791158545308, 0.5254344511322859, 0.5767454268728814, 0.5593826218349177, 0.6072103657373568, 0.6091996951074135, 0.6211509146704907, 0.6361737803715032, 0.6427057926974645, 0.6581935977063528, 0.6674771341608792, 0.6692454269746455, 0.6638033535422349, 0.6803506096688713, 0.6740320121369711, 0.6860670730835055, 0.6721874998836983, 0.6812500001453772, 0.6746036584784345, 0.6777896343207941, 0.6847865854094668, 0.6863109756533693, 0.6721265243320931, 0.6766692072879977, 0.6676600608156948, 0.683696646515916, 0.6827972560394101, 0.670221036527215, 0.6787423782232331, 0.6825533538329892, 0.6818445121369711, 0.6829649391697674, 0.6673399391697674, 0.6707393294427453, 0.6676143291519909, 0.6604268292828304, 0.6774618901857515, 0.6596341463850766]}