{
    "train_loss": [
        1.966522101045565,
        1.6535685235307416,
        1.5143316651118621,
        1.4173050571943968,
        1.3377012860683994,
        1.2643791533608473,
        1.1927770599154115,
        1.1202508814462269,
        1.0543940475878826,
        0.9888486101427151,
        0.926188997048458,
        0.8708173899705174,
        0.8132238646044986,
        0.7578787871899496,
        0.7079701582439073,
        0.6616628044661674,
        0.6021386882958522,
        0.5514798676467124,
        0.5009927197722078,
        0.4505553161369935
    ],
    "train_acc": [
        0.29623091603053436,
        0.42846374047621516,
        0.48125,
        0.5150667939022298,
        0.5460019084333464,
        0.5705438931479709,
        0.5979961832061069,
        0.6222900763722776,
        0.6468702289894337,
        0.6699332060704705,
        0.6901431297527925,
        0.7083110687386899,
        0.7279293892947772,
        0.746965648836762,
        0.7676812977281235,
        0.7820992366048216,
        0.8048473282624747,
        0.8198664121955406,
        0.8368225190475697,
        0.8536164121773406
    ],
    "valid_loss": [
        1.736422969073784,
        1.582196799720206,
        1.5350055505589741,
        1.4567414296836387,
        1.3701138899820606,
        1.2932561690487512,
        1.2469178874318192,
        1.1768985514233752,
        1.1551942908909263,
        1.1627105129201238,
        1.0887132290659882,
        1.0770111382007599,
        1.0244879088387258,
        1.1237808687657844,
        1.0624928034660293,
        1.0534661395884142,
        1.0295477037022753,
        1.1107657549948227,
        1.0470315406962138,
        1.0858247098399372
    ],
    "valid_acc": [
        0.38718750000726887,
        0.44219512183491777,
        0.4663109757551333,
        0.4914405487659501,
        0.5313948171167839,
        0.5558689025844016,
        0.5738109755443364,
        0.5988795731852694,
        0.607019816956869,
        0.6053887194976574,
        0.6348094511322859,
        0.6448018292828304,
        0.6604801830722065,
        0.6306478657373568,
        0.6528810975028247,
        0.6632850609901475,
        0.6681783537312251,
        0.6514939026134771,
        0.6762957318526942,
        0.6781707318817697
    ]
}