{"train_loss": [2.1022462406231246, 1.7255180924903346, 1.4512910235929126, 1.2437673128288211, 1.0912189657451543, 0.9727268272683821, 0.8786067840707211, 0.8054867037380015, 0.7457630276224996, 0.6969445952932343, 0.6587924489083181, 0.6274033335329012, 0.5974908394212941, 0.5696282144721228, 0.5503641916595342, 0.531965154841656, 0.5201141316244621, 0.5058589096287734, 0.49162653527642025, 0.48094583285673886], "train_acc": [0.31449427481826026, 0.4579007633769785, 0.5916889312613102, 0.6850954198655281, 0.740868320628887, 0.7722519083787467, 0.7984446564703497, 0.8120324427844914, 0.8252194656670548, 0.8348187022536766, 0.8420896946928883, 0.843597328207875, 0.8486164122137405, 0.8552385495819208, 0.860162213740458, 0.8627194656670548, 0.8647805343147452, 0.8649809160305344, 0.8672423663940139, 0.8697805343693449], "valid_loss": [1.8786376104122255, 1.5546172283044675, 1.2968907181809588, 1.1299957763857957, 0.9796974655331635, 0.8944597883922297, 0.8019898226711808, 0.7426254920116285, 0.6788136702848644, 0.6425441803365219, 0.6027687677159542, 0.5764327587150946, 0.5419480782456514, 0.5228821931452285, 0.4993171899057016, 0.4890138098016018, 0.47153527344145424, 0.4641018297250678, 0.4456921785888148, 0.4457695706770187], "valid_acc": [0.384817073257958, 0.5319131096688713, 0.6545731708770846, 0.7298399391697674, 0.7759756096979467, 0.7995503050525014, 0.8213795732434203, 0.829626524230329, 0.8468826220529836, 0.8515396339864265, 0.8550762196139592, 0.8621265244920079, 0.8675990853367782, 0.8684451220239081, 0.8729878049798128, 0.8711661583766704, 0.8779725610482983, 0.8785137196139592, 0.8831173781214691, 0.8780259144742314]}